#,url
56,https://acnhcdn.com/latest/MenuIcon/Fish56.png
36,https://acnhcdn.com/latest/MenuIcon/Fish36.png
44,https://acnhcdn.com/latest/MenuIcon/Fish44.png
41,https://acnhcdn.com/latest/MenuIcon/Fish41.png
58,https://acnhcdn.com/latest/MenuIcon/Fish58.png
79,https://acnhcdn.com/latest/MenuIcon/Fish79.png
37,https://acnhcdn.com/latest/MenuIcon/Fish37.png
1,https://acnhcdn.com/latest/MenuIcon/Fish1.png
22,https://acnhcdn.com/latest/MenuIcon/Fish22.png
54,https://acnhcdn.com/latest/MenuIcon/Fish54.png
67,https://acnhcdn.com/latest/MenuIcon/Fish67.png
20,https://acnhcdn.com/latest/MenuIcon/Fish20.png
51,https://acnhcdn.com/latest/MenuIcon/Fish51.png
5,https://acnhcdn.com/latest/MenuIcon/Fish5.png
18,https://acnhcdn.com/latest/MenuIcon/Fish18.png
28,https://acnhcdn.com/latest/MenuIcon/Fish28.png
27,https://acnhcdn.com/latest/MenuIcon/Fish27.png
49,https://acnhcdn.com/latest/MenuIcon/Fish49.png
80,https://acnhcdn.com/latest/MenuIcon/Fish80.png
11,https://acnhcdn.com/latest/MenuIcon/Fish11.png
3,https://acnhcdn.com/latest/MenuIcon/Fish3.png
61,https://acnhcdn.com/latest/MenuIcon/Fish61.png
4,https://acnhcdn.com/latest/MenuIcon/Fish4.png
42,https://acnhcdn.com/latest/MenuIcon/Fish42.png
77,https://acnhcdn.com/latest/MenuIcon/Fish77.png
16,https://acnhcdn.com/latest/MenuIcon/Fish16.png
15,https://acnhcdn.com/latest/MenuIcon/Fish15.png
43,https://acnhcdn.com/latest/MenuIcon/Fish43.png
19,https://acnhcdn.com/latest/MenuIcon/Fish19.png
68,https://acnhcdn.com/latest/MenuIcon/Fish68.png
29,https://acnhcdn.com/latest/MenuIcon/Fish29.png
7,https://acnhcdn.com/latest/MenuIcon/Fish7.png
74,https://acnhcdn.com/latest/MenuIcon/Fish74.png
34,https://acnhcdn.com/latest/MenuIcon/Fish34.png
73,https://acnhcdn.com/latest/MenuIcon/Fish73.png
57,https://acnhcdn.com/latest/MenuIcon/Fish57.png
10,https://acnhcdn.com/latest/MenuIcon/Fish10.png
32,https://acnhcdn.com/latest/MenuIcon/Fish32.png
6,https://acnhcdn.com/latest/MenuIcon/Fish6.png
17,https://acnhcdn.com/latest/MenuIcon/Fish17.png
69,https://acnhcdn.com/latest/MenuIcon/Fish69.png
33,https://acnhcdn.com/latest/MenuIcon/Fish33.png
64,https://acnhcdn.com/latest/MenuIcon/Fish64.png
52,https://acnhcdn.com/latest/MenuIcon/Fish52.png
38,https://acnhcdn.com/latest/MenuIcon/Fish38.png
35,https://acnhcdn.com/latest/MenuIcon/Fish35.png
78,https://acnhcdn.com/latest/MenuIcon/Fish78.png
70,https://acnhcdn.com/latest/MenuIcon/Fish70.png
62,https://acnhcdn.com/latest/MenuIcon/Fish62.png
2,https://acnhcdn.com/latest/MenuIcon/Fish2.png
24,https://acnhcdn.com/latest/MenuIcon/Fish24.png
40,https://acnhcdn.com/latest/MenuIcon/Fish40.png
25,https://acnhcdn.com/latest/MenuIcon/Fish25.png
8,https://acnhcdn.com/latest/MenuIcon/Fish8.png
55,https://acnhcdn.com/latest/MenuIcon/Fish55.png
39,https://acnhcdn.com/latest/MenuIcon/Fish39.png
9,https://acnhcdn.com/latest/MenuIcon/Fish9.png
71,https://acnhcdn.com/latest/MenuIcon/Fish71.png
60,https://acnhcdn.com/latest/MenuIcon/Fish60.png
65,https://acnhcdn.com/latest/MenuIcon/Fish65.png
45,https://acnhcdn.com/latest/MenuIcon/Fish45.png
31,https://acnhcdn.com/latest/MenuIcon/Fish31.png
72,https://acnhcdn.com/latest/MenuIcon/Fish72.png
59,https://acnhcdn.com/latest/MenuIcon/Fish59.png
47,https://acnhcdn.com/latest/MenuIcon/Fish47.png
48,https://acnhcdn.com/latest/MenuIcon/Fish48.png
13,https://acnhcdn.com/latest/MenuIcon/Fish13.png
12,https://acnhcdn.com/latest/MenuIcon/Fish12.png
63,https://acnhcdn.com/latest/MenuIcon/Fish63.png
30,https://acnhcdn.com/latest/MenuIcon/Fish30.png
46,https://acnhcdn.com/latest/MenuIcon/Fish46.png
76,https://acnhcdn.com/latest/MenuIcon/Fish76.png
50,https://acnhcdn.com/latest/MenuIcon/Fish50.png
26,https://acnhcdn.com/latest/MenuIcon/Fish26.png
14,https://acnhcdn.com/latest/MenuIcon/Fish14.png
23,https://acnhcdn.com/latest/MenuIcon/Fish23.png
66,https://acnhcdn.com/latest/MenuIcon/Fish66.png
75,https://acnhcdn.com/latest/MenuIcon/Fish75.png
21,https://acnhcdn.com/latest/MenuIcon/Fish21.png
53,https://acnhcdn.com/latest/MenuIcon/Fish53.png
